一级分类,二级分类,热门行业
不限,-,1
互联网/AI,互联网,1
互联网/AI,电子商务,
互联网/AI,计算机软件,
互联网/AI,生活服务(O2O),
互联网/AI,企业服务,
互联网/AI,医疗健康,
互联网/AI,游戏,
互联网/AI,社交网络与媒体,1
互联网/AI,人工智能,1
互联网/AI,云计算,
互联网/AI,在线教育,
互联网/AI,计算机服务,
互联网/AI,大数据,
互联网/AI,广告营销,1
互联网/AI,物联网,
互联网/AI,新零售,1
互联网/AI,信息安全,
电子/通信/半导体,半导体/芯片,
电子/通信/半导体,电子/硬件开发,
电子/通信/半导体,通信/网络设备,
电子/通信/半导体,智能硬件/消费电子,
电子/通信/半导体,运营商/增值服务,
电子/通信/半导体,计算机硬件,
电子/通信/半导体,电子/半导体/集成电路,
服务业,餐饮,1
服务业,美容,
服务业,美发,
服务业,酒店/民宿,
服务业,休闲/娱乐,1
服务业,运动/健身,1
服务业,保健/养生,
服务业,家政服务,
服务业,旅游/景区,1
服务业,婚庆/摄影,
服务业,宠物服务,
服务业,回收/维修,
服务业,美容/美发,
服务业,其他生活服务,
消费品/批发/零售,批发/零售,0
消费品/批发/零售,进出口贸易,1
消费品/批发/零售,食品/饮料/烟酒,
消费品/批发/零售,服装/纺织,
消费品/批发/零售,家具/家居,
消费品/批发/零售,家用电器,
消费品/批发/零售,日化,
消费品/批发/零售,珠宝/首饰,
消费品/批发/零售,家具/家电/家居,
消费品/批发/零售,其他消费品,
房地产/建筑,装修装饰,
房地产/建筑,房屋建筑工程,
房地产/建筑,土木工程,
房地产/建筑,机电工程,
房地产/建筑,物业管理,
房地产/建筑,房地产中介/租赁,
房地产/建筑,建筑材料,
房地产/建筑,房地产开发经营,
房地产/建筑,建筑设计,
房地产/建筑,建筑工程咨询服务,
房地产/建筑,土地与公共设施管理,
房地产/建筑,工程施工,
制造业,通用设备,
制造业,专用设备,
制造业,电气机械/器材,
制造业,金属制品,
制造业,非金属矿物制品,
制造业,橡胶/塑料制品,
制造业,化学原料/化学制品,
制造业,仪器仪表,
制造业,自动化设备,
制造业,印刷/包装/造纸,
制造业,铁路/船舶/航空/航天制造,
制造业,计算机/通信/其他电子设备,
制造业,新材料,
制造业,机械设备/机电/重工,
制造业,仪器仪表/工业自动化,
制造业,原材料及加工/模具,
制造业,其他制造业,
汽车,新能源汽车,
汽车,汽车智能网联,
汽车,汽车经销商,
汽车,汽车后市场,
汽车,汽车研发/制造,
汽车,汽车零部件,
汽车,摩托车/自行车制造,
汽车,4S店/后市场,
交通运输/物流,即时配送,
交通运输/物流,快递,
交通运输/物流,公路物流,
交通运输/物流,同城货运,
交通运输/物流,跨境物流,
交通运输/物流,装卸搬运和仓储业,
交通运输/物流,客运服务,
交通运输/物流,港口/铁路/公路/机场,
交通运输/物流,交通/运输,
交通运输/物流,物流/仓储,
能源/化工/环保,光伏,
能源/化工/环保,储能,0
能源/化工/环保,动力电池,
能源/化工/环保,风电,
能源/化工/环保,其他新能源,
能源/化工/环保,环保,
能源/化工/环保,化工,
能源/化工/环保,电力/热力/燃气/水利,
能源/化工/环保,石油/石化,
能源/化工/环保,矿产/地质,
能源/化工/环保,采掘/冶炼,
能源/化工/环保,新能源,1
金融,互联网金融,
金融,银行,
金融,投资/融资,1
金融,证券/期货,1
金融,基金,
金融,保险,
金融,租赁/拍卖/典当/担保,
金融,信托,
金融,财富管理,
金融,其他金融业,
政府/非盈利机构/其他,农/林/牧/渔,
政府/非盈利机构/其他,非盈利机构,
政府/非盈利机构/其他,政府/公共事业,
政府/非盈利机构/其他,其他行业,
