徽章名称,类型,一句话简介（用户视角）,发放规则,存续时长,回收规则,是否上线
黄笨笨,身份成就,精神领袖 | MIP年度管理团队领袖，由上一年全体玩家选举产生,后台配置,任期内,后台配置,1
黑笨笨,身份成就,执行官 | MIP年度管理团队领袖，由上一年全体玩家选举产生,后台配置,任期内,后台配置,1
红笨笨,身份成就,会议管 | MIP年度管理团队之一，由上一年全体玩家选举产生,后台配置,任期内,后台配置,1
白笨笨,身份成就,面试官 | MIP年度管理团队之一，由上一年全体玩家选举产生,后台配置,任期内,后台配置,1
蓝笨笨,身份成就,数据官 | MIP年度管理团队之一，由上一年全体玩家选举产生,后台配置,任期内,后台配置,1
粉笨笨,身份成就,任务官 | MIP年度管理团队之一，由上一年全体玩家选举产生,后台配置,任期内,后台配置,1
紫笨笨,身份成就,外交官 | MIP年度管理团队之一，由上一年全体玩家选举产生,后台配置,任期内,后台配置,1
绿笨笨,身份成就,书院官 | MIP年度管理团队之一，由上一年全体玩家选举产生,后台配置,任期内,后台配置,1
灰笨笨,身份成就,公会官 | MIP年度管理团队之一，由上一年全体玩家选举产生,后台配置,任期内,后台配置,1
城主,身份成就,开荒者 | 成功在一座城市搭建MIP服务器可获得,后台配置,永久,后台配置,1
公会长,身份成就,公会负责人 | 成功完成公会搭建标准或扶持公会发展可获得,后台配置,任期内,后台配置,1
